Workbook

Sheet CIEandPI
A1: Confidence Interval Estimate
A3: Data
A4: X Value | B4: 50450
A5: Confidence Level | B5: 0.95
A7: Intermediate Calculations
A8: Sample Size | B8: =COUNT(SLRData2!$A$2:$A$38) -> 37
A9: Degrees of Freedom | B9: =B8 - 2 -> 35
A10: t Value | B10: =TINV(1 - B5, B9) -> 2.0301079
A11: XBar, Sample Mean of X | B11: =AVERAGE(SLRData2!$A$2:$A$38) -> 52552
A12: Sum of Squared Differences from XBar | B12: =DEVSQ(SLRData2!$A$2:$A$38) -> 4978938126
A13: Standard Error of the Estimate | B13: =COMPUTE2!$B$7 -> 15944.381
A14: h Statistic | B14: =1/B8+(B4-B11)^2/B12 -> 0.027914446
A15: Predicted Y (YHat) | B15: =TREND(SLRData2!$B$2:$B$38,SLRData2!$A$2:$A$38, B4) -> 109047.01
A17: For Average Y
A18: Interval Half Width | B18: =B10 * B13 * SQRT(B14) -> 5408.0574
A19: Confidence Interval Lower Limit | B19: =B15 - B18 -> 103638.95
A20: Confidence Interval Upper Limit | B20: =B15 + B18 -> 114455.06
A22: For Individual Response Y
A23: Interval Half Width | B23: =B10 * B13 * SQRT(1 + B14) -> 32817.483
A24: Prediction Interval Lower Limit | B24: =B15 - B23 -> 76229.523
A25: Prediction Interval Upper Limit | B25: =B15 + B23 -> 141864.49

Sheet SLRData2
A1: Tuition per year ($) | B1: Average starting salary and bonus ($) (Y)
A2: 63675 | B2: 153830
A3: 67516 | B3: 155058
A4: 66540 | B4: 147475
A5: 67938 | B5: 143565
A6: 66462 | B6: 141694
A7: 66540 | B7: 153553
A8: 66390 | B8: 148997
A9: 68792 | B9: 150229
A10: 64200 | B10: 135988
A11: 63200 | B11: 144799
A12: 66588 | B12: 145413
A13: 61584 | B13: 146252
... A38: 39100 | B38: 53848

Sheet COMPUTE2
A1: Simple Linear Regression Analysis | K1: Calculations
K2: b1, b0 Coefficients | L2: {=LINEST(SLRData2!$B$2:$B$38, SLRData2!$A$2:$A$38,TRUE,TRUE)} -> 2.4217575 | M2: -13130.659
A3: Regression Statistics | K3: b1, b0 Standard Error | L3: 0.22596402 | M3: 12160.725
A4: Multiple R | B4: 0.87547383 | K4: R Square, Standard Error | L4: 0.76645442 | M4: 15944.381
A5: R Square | B5: 0.76645442 | K5: F, Residual df | L5: 114.86368 | M5: 35
A6: Adjusted R Square | B6: 0.75978169 | K6: Regression SS, Residual SS | L6: 2.9201021e+10 | M6: 8.8978147e+09
A7: Standard Error | B7: =M4 -> 15944.381
A8: Observations | B8: =COUNT(SLRData2!$A:$A) -> 37 | K8: Confidence level | L8: 0.95
K9: t Critical Value | L9: 2.0301079
K10: Half Width b0 | L10: 24687.584
K11: Half Width b1 | L11: 0.45873135

Sheet PlotData
B1: Tuition per year ($) | C1: Average starting salary and bonus ($) (Y)
B2: 63675 | C2: 153830
B3: 67516 | C3: 155058
B4: 66540 | C4: 147475
B5: 67938 | C5: 143565
B6: 66462 | C6: 141694
B7: 66540 | C7: 153553
B8: 66390 | C8: 148997
B9: 68792 | C9: 150229
B10: 64200 | C10: 135988
B11: 63200 | C11: 144799
B12: 66588 | C12: 145413
B13: 61584 | C13: 146252
... B38: 39100 | C38: 53848

Sheet Residuals
A1: Observation | B1: Tuition per year ($) | C1: Predicted Y | D1: Average starting salary and bonus ($) (Y) | E1: Residuals
A2: 1 | B2: 63675 | C2: =COMPUTE!$B$18 * B2 + COMPUTE!$B$17 -> 141074.75 | D2: 153830 | E2: =D2 - C2 -> 12755.251
A3: 2 | B3: 67516 | C3: =COMPUTE!$B$18 * B3 + COMPUTE!$B$17 -> 150376.72 | D3: 155058 | E3: =D3 - C3 -> 4681.2804
A4: 3 | B4: 66540 | C4: =COMPUTE!$B$18 * B4 + COMPUTE!$B$17 -> 148013.08 | D4: 147475 | E4: =D4 - C4 -> -538.08433
A5: 4 | B5: 67938 | C5: =COMPUTE!$B$18 * B5 + COMPUTE!$B$17 -> 151398.7 | D5: 143565 | E5: =D5 - C5 -> -7833.7013
A6: 5 | B6: 66462 | C6: =COMPUTE!$B$18 * B6 + COMPUTE!$B$17 -> 147824.19 | D6: 141694 | E6: =D6 - C6 -> -6130.1872
A7: 6 | B7: 66540 | C7: =COMPUTE!$B$18 * B7 + COMPUTE!$B$17 -> 148013.08 | D7: 153553 | E7: =D7 - C7 -> 5539.9157
A8: 7 | B8: 66390 | C8: =COMPUTE!$B$18 * B8 + COMPUTE!$B$17 -> 147649.82 | D8: 148997 | E8: =D8 - C8 -> 1347.1793
A9: 8 | B9: 68792 | C9: =COMPUTE!$B$18 * B9 + COMPUTE!$B$17 -> 153466.88 | D9: 150229 | E9: =D9 - C9 -> -3237.8822
A10: 9 | B10: 64200 | C10: =COMPUTE!$B$18 * B10 + COMPUTE!$B$17 -> 142346.17 | D10: 135988 | E10: =D10 - C10 -> -6358.1718
A11: 10 | B11: 63200 | C11: =COMPUTE!$B$18 * B11 + COMPUTE!$B$17 -> 139924.41 | D11: 144799 | E11: =D11 - C11 -> 4874.5857
A12: 11 | B12: 66588 | C12: =COMPUTE!$B$18 * B12 + COMPUTE!$B$17 -> 148129.33 | D12: 145413 | E12: =D12 - C12 -> -2716.3287
A13: 12 | B13: 61584 | C13: =COMPUTE!$B$18 * B13 + COMPUTE!$B$17 -> 136010.85 | D13: 146252 | E13: =D13 - C13 -> 10241.146
... A38: 37 | B38: 39100 | C38: =COMPUTE!$B$18 * B38 + COMPUTE!$B$17 -> 81560.059 | D38: 53848 | E38: =D38 - C38 -> -27712.059

Sheet SLRData
A1: Tuition per year ($) | B1: Average starting salary and bonus ($) (Y)
A2: 63675 | B2: 153830
A3: 67516 | B3: 155058
A4: 66540 | B4: 147475
A5: 67938 | B5: 143565
A6: 66462 | B6: 141694
A7: 66540 | B7: 153553
A8: 66390 | B8: 148997
A9: 68792 | B9: 150229
A10: 64200 | B10: 135988
A11: 63200 | B11: 144799
A12: 66588 | B12: 145413
A13: 61584 | B13: 146252
... A38: 39100 | B38: 53848

Sheet COMPUTE
A1: Simple Linear Regression Analysis | K1: Calculations
K2: b1, b0 Coefficients | L2: {=LINEST(SLRData!$B$2:$B$38, SLRData!$A$2:$A$38,TRUE,TRUE)} -> 2.4217575 | M2: -13130.659
A3: Regression Statistics | K3: b1, b0 Standard Error | L3: 0.22596402 | M3: 12160.725
A4: Multiple R | B4: =SQRT(C12/C14) -> 0.87547383 | K4: R Square, Standard Error | L4: 0.76645442 | M4: 15944.381
A5: R Square | B5: =L4 -> 0.76645442 | K5: F, Residual df | L5: 114.86368 | M5: 35
A6: Adjusted R Square | B6: =1-(B14/B13)*(C13/C14) -> 0.75978169 | K6: Regression SS, Residual SS | L6: 2.9201021e+10 | M6: 8.8978147e+09
A7: Standard Error | B7: =M4 -> 15944.381
A8: Observations | B8: =COUNT(SLRData!$A:$A) -> 37 | K8: Confidence level | L8: 0.95
K9: t Critical Value | L9: =_xlfn.T.INV.2T(1-L8,B13) -> 2.0301079
A10: ANOVA | K10: Half Width b0 | L10: =L9*C17 -> 24687.584
B11: df | C11: SS | D11: MS | E11: F | F11: Significance F | K11: Half Width b1 | L11: =L9*C18 -> 0.45873135
A12: Regression | B12: 1 | C12: =L6 -> 2.9201021e+10 | D12: =L6 -> 2.9201021e+10 | E12: =L5 -> 114.86368 | F12: =_xlfn.F.DIST.RT(E12,B12,B13) -> 1.3413907e-12
A13: Residual | B13: =M5 -> 35 | C13: =M6 -> 8.8978147e+09 | D13: =C13/B13 -> 2.5422328e+08
A14: Total | B14: =B12+B13 -> 36 | C14: =C12+C13 -> 3.8098835e+10
B16: Coefficients | C16: Standard Error | D16: t Stat | E16: P-value | F16: ="Lower " & L8*100 & "%" -> Lower 95% | G16: ="Upper " & L8*100 & "%" -> Upper 95% | H16: =F16 -> Lower 95% | I16: =G16 -> Upper 95%
A17: Intercept | B17: =M2 -> -13130.659 | C17: =M3 -> 12160.725 | D17: =B17/C17 -> -1.0797596 | E17: =_xlfn.T.DIST.2T(ABS(D17), B13) -> 0.28763405 | F17: =B17-L10 -> -37818.243 | G17: =B17+L10 -> 11556.925 | H17: =F17 -> -37818.243 | I17: =G17 -> 11556.925
A18: =SLRData!$A$1 -> Tuition per year ($) | B18: =L2 -> 2.4217575 | C18: =L3 -> 0.22596402 | D18: =B18/C18 -> 10.717447 | E18: =_xlfn.T.DIST.2T(ABS(D18), B13) -> 1.3413907e-12 | F18: =B18-L11 -> 1.9630261 | G18: =B18+L11 -> 2.8804888 | H18: =F18 -> 1.9630261 | I18: =G18 -> 2.8804888
K31: 3

Sheet DATA
A1: School | B1: Tuition per year ($) | C1: Average GMAT score | D1: Acceptance Rate (%) | E1: Graduates employed at graduation (%) (X) | F1: Average starting salary and bonus ($) (Y)
A2: 1 | B2: 63675 | C2: 729 | D2: 10.7 | E2: 79.3 | F2: 153830
A3: 2 | B3: 67516 | C3: 730 | D3: 19.6 | E3: 85.8 | F3: 155058
A4: 3 | B4: 66540 | C4: 726 | D4: 23.6 | E4: 84.9 | F4: 147475
A5: 4 | B5: 67938 | C5: 724 | D5: 11.7 | E5: 81.2 | F5: 143565
A6: 5 | B6: 66462 | C6: 728 | D6: 20.1 | E6: 82.8 | F6: 141694
A7: 6 | B7: 66540 | C7: 737 | D7: 6 | E7: 62.8 | F7: 153553
A8: 7 | B8: 66390 | C8: 717 | D8: 22.4 | E8: 86.8 | F8: 148997
A9: 8 | B9: 68792 | C9: 720 | D9: 14.1 | E9: 77.3 | F9: 150229
A10: 9 | B10: 64200 | C10: 725 | D10: 19 | E10: 76 | F10: 135988
A11: 10 | B11: 63200 | C11: 695 | D11: 22.1 | E11: 83.1 | F11: 144799
A12: 11 | B12: 66588 | C12: 710 | D12: 23.1 | E12: 82.1 | F12: 145413
A13: 12 | B13: 61584 | C13: 700 | D13: 27.6 | E13: 79.8 | F13: 146252
... A38: 37 | B38: 39100 | C38: 545 | D38: 94.5 | E38: 42.6 | F38: 53848
