Workbook

Sheet CIEandPI
A1: Confidence Interval Estimate and Prediction Interval
A3: Data
A4: Confidence Level | B4: 0.95
B5: 1
A6: Property Size (acres) given value | B6: 0.25
A7: Age given value | B7: 55
A9: X'X | B9: {=MMULT(TRANSPOSE(CIEPIData!$A$2:$C$31),CIEPIData!$A$2:$C$31)} -> 30 | C9: 8.2788 | D9: 1802
B10: 8.2788 | C10: 3.9058973 | D10: 481.5538
B11: 1802 | C11: 481.5538 | D11: 122908
A13: Inverse of X'X | B13: {=MINVERSE($B$9:$D$11)} -> 0.35151732 | C13: -0.21213932 | D13: -0.0043225642
B14: -0.21213932 | C14: 0.6232786 | D14: 0.00066824674
B15: -0.0043225642 | C15: 0.00066824674 | D15: 6.8892699e-05
A17: X'G times Inverse of X'X | B17: {=MMULT(TRANSPOSE($B$5:$B$7),$B$13:$D$15)} -> 0.060741462 | C17: -0.019566096 | D17: -0.00036640403
A19: [X'G times Inverse of X'X] times XG | B19: =MMULT($B$17:$D$17,$B$5:$B$7) -> 0.035697716
A20: t Statistic | B20: =TINV(1 - B4, COMPUTE2!$B$13) -> 2.0518305
A21: Predicted Y (YHat) | B21: {=MMULT(TRANSPOSE($B$5:$B$7), COMPUTE2!$B$17:$B$19)} -> 478.65773
A23: For Average Predicted Y (YHat)
A24: Interval Half Width | B24: =B20 * SQRT(B19) * COMPUTE2!$B$7 -> 31.821051
A25: Confidence Interval Lower Limit | B25: =B21 - B24 -> 446.83668
A26: Confidence Interval Upper Limit | B26: =B21 + B24 -> 510.47878
A28: For Individual Response Y
A29: Interval Half Width | B29: =B20 * SQRT(1 + B19)*COMPUTE2!$B$7 -> 171.4
A30: Prediction Interval Lower Limit | B30: =B21 - B29 -> 307.25773
A31: Prediction Interval Upper Limit | B31: =B21 + B29 -> 650.05773

Sheet CIEPIData
B1: Property Size (acres) | C1: Age
A2: 1 | B2: 0.2297 | C2: 56
A3: 1 | B3: 0.2192 | C3: 61
A4: 1 | B4: 0.163 | C4: 39
A5: 1 | B5: 0.4608 | C5: 28
A6: 1 | B6: 0.2549 | C6: 56
A7: 1 | B7: 0.229 | C7: 98
A8: 1 | B8: 0.1808 | C8: 58
A9: 1 | B9: 0.5015 | C9: 17
A10: 1 | B10: 0.2229 | C10: 62
A11: 1 | B11: 0.13 | C11: 25
A12: 1 | B12: 0.1763 | C12: 64
A13: 1 | B13: 1.31 | C13: 62
... A31: 1 | B31: 0.0852 | C31: 104

Sheet MRData2
A1: Fair Market Value ($000) | B1: Property Size (acres) | C1: Age
A2: 522.9 | B2: 0.2297 | C2: 56
A3: 425 | B3: 0.2192 | C3: 61
A4: 539.2 | B4: 0.163 | C4: 39
A5: 628.2 | B5: 0.4608 | C5: 28
A6: 490.4 | B6: 0.2549 | C6: 56
A7: 487.7 | B7: 0.229 | C7: 98
A8: 370.3 | B8: 0.1808 | C8: 58
A9: 777.9 | B9: 0.5015 | C9: 17
A10: 347.1 | B10: 0.2229 | C10: 62
A11: 756.8 | B11: 0.13 | C11: 25
A12: 389 | B12: 0.1763 | C12: 64
A13: 889 | B13: 1.31 | C13: 62
... A31: 310.2 | B31: 0.0852 | C31: 104

Sheet COMPUTE2
A1: Regression Analysis | K1: Calculations
K2: b2, b1, b0 intercepts | L2: {=LINEST(MRData2!$A$2:$A$31, MRData2!$B$2:$C$31,TRUE,TRUE)} -> -2.8257124 | M2: 407.13459 | N2: 532.28826
A3: Regression Statistics | K3: b2, b1, b0 Standard Error | L3: 0.68130162 | M3: 64.802824 | N3: 48.66606
A4: Multiple R | B4: =SQRT(C12/C14) -> 0.83593946 | K4: R Square, Standard Error | L4: 0.69879478 | M4: 82.082924 | N4: #N/A
A5: R Square | B5: =L4 -> 0.69879478 | K5: F, Residual df | L5: 31.319941 | M5: 27 | N5: #N/A
A6: Adjusted R Square | B6: =1-(B14/B13)*(C13/C14) -> 0.67648329 | K6: Regression SS, Residual SS | L6: 422042.87 | M6: 181915.37 | N6: #N/A
A7: Standard Error | B7: =M4 -> 82.082924
A8: Observations | B8: =COUNT(MRData2!$A$2:$A$31) -> 30 | K8: Confidence level | L8: 0.95
K9: t Critical Value | L9: =_xlfn.T.INV.2T(1-L8, B13) -> 2.0518305
A10: ANOVA | K10: Half Width b0 | L10: =L$9 * C17 -> 99.854507
B11: df | C11: SS | D11: MS | E11: F | F11: Significance F | K11: Half Width b1 | L11: =L$9 * C18 -> 132.96441
A12: Regression | B12: =B14-B13 -> 2 | C12: =L6 -> 422042.87 | D12: =C12/B12 -> 211021.44 | E12: =L5 -> 31.319941 | F12: =_xlfn.F.DIST.RT(E12, B12, B13) -> 9.2181463e-08 | K12: Half Width b2 | L12: =L$9 * C19 -> 1.3979155
A13: Residual | B13: =M5 -> 27 | C13: =M6 -> 181915.37 | D13: =C13/B13 -> 6737.6065
A14: Total | B14: =B8-1 -> 29 | C14: =C12+C13 -> 603958.25
B16: Coefficients | C16: Standard Error | D16: t Stat | E16: P-value | F16: ="Lower " & TEXT(L8, "##%") -> Lower 95% | G16: ="Upper " & TEXT(L8, "##%") -> Upper 95% | H16: =F16 -> Lower 95% | I16: =G16 -> Upper 95%
A17: Intercept | B17: =$N$2 -> 532.28826 | C17: =$N$3 -> 48.66606 | D17: =B17/C17 -> 10.937566 | E17: =_xlfn.T.DIST.2T(ABS(D17), B$13) -> 2.0067628e-11 | F17: =B17-L10 -> 432.43376 | G17: =B17+L10 -> 632.14277 | H17: =F17 -> 432.43376 | I17: =G17 -> 632.14277
A18: =MRData2!B1 -> Property Size (acres) | B18: =$M$2 -> 407.13459 | C18: =$M$3 -> 64.802824 | D18: =B18/C18 -> 6.2826674 | E18: =_xlfn.T.DIST.2T(ABS(D18), B$13) -> 1.0080278e-06 | F18: =B18-L11 -> 274.17018 | G18: =B18+L11 -> 540.099 | H18: =F18 -> 274.17018 | I18: =G18 -> 540.099
A19: =MRData2!C1 -> Age | B19: =$L$2 -> -2.8257124 | C19: =$L$3 -> 0.68130162 | D19: =B19/C19 -> -4.1475204 | E19: =_xlfn.T.DIST.2T(ABS(D19), B$13) -> 0.00029924811 | F19: =B19-L12 -> -4.2236278 | G19: =B19+L12 -> -1.4277969 | H19: =F19 -> -4.2236278 | I19: =G19 -> -1.4277969

Sheet MRData
A1: Fair Market Value ($000) | B1: Property Size (acres) | C1: Age
A2: 522.9 | B2: 0.2297 | C2: 56
A3: 425 | B3: 0.2192 | C3: 61
A4: 539.2 | B4: 0.163 | C4: 39
A5: 628.2 | B5: 0.4608 | C5: 28
A6: 490.4 | B6: 0.2549 | C6: 56
A7: 487.7 | B7: 0.229 | C7: 98
A8: 370.3 | B8: 0.1808 | C8: 58
A9: 777.9 | B9: 0.5015 | C9: 17
A10: 347.1 | B10: 0.2229 | C10: 62
A11: 756.8 | B11: 0.13 | C11: 25
A12: 389 | B12: 0.1763 | C12: 64
A13: 889 | B13: 1.31 | C13: 62
... A31: 310.2 | B31: 0.0852 | C31: 104

Sheet COMPUTE
A1: Regression Analysis | K1: Calculations
K2: b2, b1, b0 intercepts | L2: {=LINEST(MRData!$A$2:$A$31, MRData!$B$2:$C$31,TRUE,TRUE)} -> -2.8257124 | M2: 407.13459 | N2: 532.28826
A3: Regression Statistics | K3: b2, b1, b0 Standard Error | L3: 0.68130162 | M3: 64.802824 | N3: 48.66606
A4: Multiple R | B4: =SQRT(C12/C14) -> 0.83593946 | K4: R Square, Standard Error | L4: 0.69879478 | M4: 82.082924 | N4: #N/A
A5: R Square | B5: =L4 -> 0.69879478 | K5: F, Residual df | L5: 31.319941 | M5: 27 | N5: #N/A
A6: Adjusted R Square | B6: =1-(B14/B13)*(C13/C14) -> 0.67648329 | K6: Regression SS, Residual SS | L6: 422042.87 | M6: 181915.37 | N6: #N/A
A7: Standard Error | B7: =M4 -> 82.082924
A8: Observations | B8: =COUNT(MRData!$A$2:$A$31) -> 30 | K8: Confidence level | L8: 0.95
K9: t Critical Value | L9: =_xlfn.T.INV.2T(1-L8, B13) -> 2.0518305
A10: ANOVA | K10: Half Width b0 | L10: =L$9 * C17 -> 99.854507
B11: df | C11: SS | D11: MS | E11: F | F11: Significance F | K11: Half Width b1 | L11: =L$9 * C18 -> 132.96441
A12: Regression | B12: =B14-B13 -> 2 | C12: =L6 -> 422042.87 | D12: =C12/B12 -> 211021.44 | E12: =L5 -> 31.319941 | F12: =_xlfn.F.DIST.RT(E12, B12, B13) -> 9.2181463e-08 | K12: Half Width b2 | L12: =L$9 * C19 -> 1.3979155
A13: Residual | B13: =M5 -> 27 | C13: =M6 -> 181915.37 | D13: =C13/B13 -> 6737.6065
A14: Total | B14: =B8-1 -> 29 | C14: =C12+C13 -> 603958.25
B16: Coefficients | C16: Standard Error | D16: t Stat | E16: P-value | F16: ="Lower " & TEXT(L8, "##%") -> Lower 95% | G16: ="Upper " & TEXT(L8, "##%") -> Upper 95% | H16: =F16 -> Lower 95% | I16: =G16 -> Upper 95%
A17: Intercept | B17: =$N$2 -> 532.28826 | C17: =$N$3 -> 48.66606 | D17: =B17/C17 -> 10.937566 | E17: =_xlfn.T.DIST.2T(ABS(D17), B$13) -> 2.0067628e-11 | F17: =B17-L10 -> 432.43376 | G17: =B17+L10 -> 632.14277 | H17: =F17 -> 432.43376 | I17: =G17 -> 632.14277
A18: =MRData!B1 -> Property Size (acres) | B18: =$M$2 -> 407.13459 | C18: =$M$3 -> 64.802824 | D18: =B18/C18 -> 6.2826674 | E18: =_xlfn.T.DIST.2T(ABS(D18), B$13) -> 1.0080278e-06 | F18: =B18-L11 -> 274.17018 | G18: =B18+L11 -> 540.099 | H18: =F18 -> 274.17018 | I18: =G18 -> 540.099
A19: =MRData!C1 -> Age | B19: =$L$2 -> -2.8257124 | C19: =$L$3 -> 0.68130162 | D19: =B19/C19 -> -4.1475204 | E19: =_xlfn.T.DIST.2T(ABS(D19), B$13) -> 0.00029924811 | F19: =B19-L12 -> -4.2236278 | G19: =B19+L12 -> -1.4277969 | H19: =F19 -> -4.2236278 | I19: =G19 -> -1.4277969

Sheet Residuals
A1: Observation | B1: Property Size (acres) | C1: Age | D1: Predicted Fair Market Value ($000) | E1: Fair Market Value ($000) | F1: Residual
A2: 1 | B2: 0.2297 | C2: 56 | D2: =COMPUTE!$B$18 * B2 + COMPUTE!$B$19 * C2 + COMPUTE!$B$17 -> 467.56718 | E2: 522.9 | F2: =E2 - D2 -> 55.332816
A3: 2 | B3: 0.2192 | C3: 61 | D3: =COMPUTE!$B$18 * B3 + COMPUTE!$B$19 * C3 + COMPUTE!$B$17 -> 449.16371 | E3: 425 | F3: =E3 - D3 -> -24.163709
A4: 3 | B4: 0.163 | C4: 39 | D4: =COMPUTE!$B$18 * B4 + COMPUTE!$B$19 * C4 + COMPUTE!$B$17 -> 488.44842 | E4: 539.2 | F4: =E4 - D4 -> 50.751582
A5: 4 | B5: 0.4608 | C5: 28 | D5: =COMPUTE!$B$18 * B5 + COMPUTE!$B$19 * C5 + COMPUTE!$B$17 -> 640.77593 | E5: 628.2 | F5: =E5 - D5 -> -12.575934
A6: 5 | B6: 0.2549 | C6: 56 | D6: =COMPUTE!$B$18 * B6 + COMPUTE!$B$19 * C6 + COMPUTE!$B$17 -> 477.82698 | E6: 490.4 | F6: =E6 - D6 -> 12.573024
A7: 6 | B7: 0.229 | C7: 98 | D7: =COMPUTE!$B$18 * B7 + COMPUTE!$B$19 * C7 + COMPUTE!$B$17 -> 348.60227 | E7: 487.7 | F7: =E7 - D7 -> 139.09773
A8: 7 | B8: 0.1808 | C8: 58 | D8: =COMPUTE!$B$18 * B8 + COMPUTE!$B$19 * C8 + COMPUTE!$B$17 -> 442.00688 | E8: 370.3 | F8: =E8 - D8 -> -71.706878
A9: 8 | B9: 0.5015 | C9: 17 | D9: =COMPUTE!$B$18 * B9 + COMPUTE!$B$19 * C9 + COMPUTE!$B$17 -> 688.42915 | E9: 777.9 | F9: =E9 - D9 -> 89.470851
A10: 9 | B10: 0.2229 | C10: 62 | D10: =COMPUTE!$B$18 * B10 + COMPUTE!$B$19 * C10 + COMPUTE!$B$17 -> 447.84439 | E10: 347.1 | F10: =E10 - D10 -> -100.74439
A11: 10 | B11: 0.13 | C11: 25 | D11: =COMPUTE!$B$18 * B11 + COMPUTE!$B$19 * C11 + COMPUTE!$B$17 -> 514.57295 | E11: 756.8 | F11: =E11 - D11 -> 242.22705
A12: 11 | B12: 0.1763 | C12: 64 | D12: =COMPUTE!$B$18 * B12 + COMPUTE!$B$19 * C12 + COMPUTE!$B$17 -> 423.2205 | E12: 389 | F12: =E12 - D12 -> -34.220498
A13: 12 | B13: 1.31 | C13: 62 | D13: =COMPUTE!$B$18 * B13 + COMPUTE!$B$19 * C13 + COMPUTE!$B$17 -> 890.4404 | E13: 889 | F13: =E13 - D13 -> -1.4404045
... A31: 30 | B31: 0.0852 | C31: 104 | D31: =COMPUTE!$B$18 * B31 + COMPUTE!$B$19 * C31 + COMPUTE!$B$17 -> 273.10204 | E31: 310.2 | F31: =E31 - D31 -> 37.097958

Sheet DATA
A1: Address | B1: Fair Market Value ($000) | C1: Property Size (acres) | D1: Age | E1: House Size (square feet) | F1: Rooms | G1: Baths | H1: Garage
A2: 9 Sycamore Road | B2: 522.9 | C2: 0.2297 | D2: 56 | E2: 2448 | F2: 7 | G2: 3.5 | H2: 2
A3: 21 Jefferson St | B3: 425 | C3: 0.2192 | D3: 61 | E3: 1942 | F3: 7 | G3: 2.5 | H3: 1
A4: 38 Hitching Post Lane | B4: 539.2 | C4: 0.163 | D4: 39 | E4: 2073 | F4: 5 | G4: 3 | H4: 2
A5: 4 Poppy Lane | B5: 628.2 | C5: 0.4608 | D5: 28 | E5: 2707 | F5: 8 | G5: 2.5 | H5: 1
A6: 5 Daniel Drive | B6: 490.4 | C6: 0.2549 | D6: 56 | E6: 2042 | F6: 7 | G6: 1.5 | H6: 1
A7: 15 Francis Terrace | B7: 487.7 | C7: 0.229 | D7: 98 | E7: 2089 | F7: 7 | G7: 2 | H7: 0
A8: 23 Guilfoy Street | B8: 370.3 | C8: 0.1808 | D8: 58 | E8: 1433 | F8: 7 | G8: 2 | H8: 0
A9: 17 Carlyle Drive | B9: 777.9 | C9: 0.5015 | D9: 17 | E9: 2991 | F9: 9 | G9: 2.5 | H9: 1
A10: 8 Craft Avenue | B10: 347.1 | C10: 0.2229 | D10: 62 | E10: 1008 | F10: 5 | G10: 1 | H10: 0
A11: 22 Beechwood Ct. | B11: 756.8 | C11: 0.13 | D11: 25 | E11: 3202 | F11: 8 | G11: 2.5 | H11: 2
A12: 14 Fox Street | B12: 389 | C12: 0.1763 | D12: 64 | E12: 2230 | F12: 8 | G12: 2 | H12: 0
A13: 1 Raynham Road | B13: 889 | C13: 1.31 | D13: 62 | E13: 1848 | F13: 7 | G13: 2 | H13: 1
... A31: 16 Jackson Street | B31: 310.2 | C31: 0.0852 | D31: 104 | E31: 1184 | F31: 5 | G31: 1 | H31: 0
